user_id,item_id,title,image_url
U001,B0001,unpaired red Nike sneaker,https://images.unsplash.com/photo-1542291026-7eec264c27ff?crop=entropy&cs=tinysrgb&fit=max&fm=jpg&ixid=M3w4NDE4NjB8MHwxfHNlYXJjaHwxfHxzcG9ydHMlMjBzaG9lc3xlbnwwfHx8fDE3NjUzNTYzNTd8MA&ixlib=rb-4.1.0&q=80&w=1080
U001,B0002,white and red nike athletic shoe,https://images.unsplash.com/photo-1600185365483-26d7a4cc7519?crop=entropy&cs=tinysrgb&fit=max&fm=jpg&ixid=M3w4NDE4NjB8MHwxfHNlYXJjaHwyfHxzcG9ydHMlMjBzaG9lc3xlbnwwfHx8fDE3NjUzNTYzNTd8MA&ixlib=rb-4.1.0&q=80&w=1080
U001,B0003,pair of white-and-orange athletic shoes on white box,https://images.unsplash.com/photo-1560769629-975ec94e6a86?crop=entropy&cs=tinysrgb&fit=max&fm=jpg&ixid=M3w4NDE4NjB8MHwxfHNlYXJjaHwzfHxzcG9ydHMlMjBzaG9lc3xlbnwwfHx8fDE3NjUzNTYzNTd8MA&ixlib=rb-4.1.0&q=80&w=1080
U001,B0004,white and red nike athletic shoe,https://images.unsplash.com/photo-1600185365926-3a2ce3cdb9eb?crop=entropy&cs=tinysrgb&fit=max&fm=jpg&ixid=M3w4NDE4NjB8MHwxfHNlYXJjaHw0fHxzcG9ydHMlMjBzaG9lc3xlbnwwfHx8fDE3NjUzNTYzNTd8MA&ixlib=rb-4.1.0&q=80&w=1080
U001,B0005,black and red nike athletic shoe,https://images.unsplash.com/photo-1609250291996-fdebe6020a8f?crop=entropy&cs=tinysrgb&fit=max&fm=jpg&ixid=M3w4NDE4NjB8MHwxfHNlYXJjaHw1fHxzcG9ydHMlMjBzaG9lc3xlbnwwfHx8fDE3NjUzNTYzNTd8MA&ixlib=rb-4.1.0&q=80&w=1080
U001,B0006,a pair of running shoes sitting on top of a table,https://images.unsplash.com/photo-1709258228137-19a8c193be39?crop=entropy&cs=tinysrgb&fit=max&fm=jpg&ixid=M3w4NDE4NjB8MHwxfHNlYXJjaHw2fHxzcG9ydHMlMjBzaG9lc3xlbnwwfHx8fDE3NjUzNTYzNTd8MA&ixlib=rb-4.1.0&q=80&w=1080
U001,B0007,white adidas low-top sneakers,https://images.unsplash.com/flagged/photo-1556637640-2c80d3201be8?crop=entropy&cs=tinysrgb&fit=max&fm=jpg&ixid=M3w4NDE4NjB8MHwxfHNlYXJjaHw3fHxzcG9ydHMlMjBzaG9lc3xlbnwwfHx8fDE3NjUzNTYzNTd8MA&ixlib=rb-4.1.0&q=80&w=1080
U001,B0008,person wearing white Nike running shoes standing on black concrete path,https://images.unsplash.com/photo-1460353581641-37baddab0fa2?crop=entropy&cs=tinysrgb&fit=max&fm=jpg&ixid=M3w4NDE4NjB8MHwxfHNlYXJjaHw4fHxzcG9ydHMlMjBzaG9lc3xlbnwwfHx8fDE3NjUzNTYzNTd8MA&ixlib=rb-4.1.0&q=80&w=1080
U001,B0009,unpaired gray Nike running shoe,https://images.unsplash.com/photo-1491553895911-0055eca6402d?crop=entropy&cs=tinysrgb&fit=max&fm=jpg&ixid=M3w4NDE4NjB8MHwxfHNlYXJjaHw5fHxzcG9ydHMlMjBzaG9lc3xlbnwwfHx8fDE3NjUzNTYzNTd8MA&ixlib=rb-4.1.0&q=80&w=1080
U001,B0010,black and white nike athletic shoes,https://images.unsplash.com/photo-1619253341026-74c609e6ce50?crop=entropy&cs=tinysrgb&fit=max&fm=jpg&ixid=M3w4NDE4NjB8MHwxfHNlYXJjaHwxMHx8c3BvcnRzJTIwc2hvZXN8ZW58MHx8fHwxNzY1MzU2MzU3fDA&ixlib=rb-4.1.0&q=80&w=1080
U001,B0011,person wearing black and white nike athletic shoes,https://images.unsplash.com/photo-1613972798457-45fc5237ae32?crop=entropy&cs=tinysrgb&fit=max&fm=jpg&ixid=M3w4NDE4NjB8MHwxfHNlYXJjaHwxMXx8c3BvcnRzJTIwc2hvZXN8ZW58MHx8fHwxNzY1MzU2MzU3fDA&ixlib=rb-4.1.0&q=80&w=1080
U001,B0012,green and black nike athletic shoe,https://images.unsplash.com/photo-1606107557195-0e29a4b5b4aa?crop=entropy&cs=tinysrgb&fit=max&fm=jpg&ixid=M3w4NDE4NjB8MHwxfHNlYXJjaHwxMnx8c3BvcnRzJTIwc2hvZXN8ZW58MHx8fHwxNzY1MzU2MzU3fDA&ixlib=rb-4.1.0&q=80&w=1080
U001,B0013,black adidas cleats lean on white and black adidas soccer ball on green grass,https://images.unsplash.com/photo-1511886929837-354d827aae26?crop=entropy&cs=tinysrgb&fit=max&fm=jpg&ixid=M3w4NDE4NjB8MHwxfHNlYXJjaHwxM3x8c3BvcnRzJTIwc2hvZXN8ZW58MHx8fHwxNzY1MzU2MzU3fDA&ixlib=rb-4.1.0&q=80&w=1080
U001,B0014,pair of blue-and-black New Balance cleats in the air under teal sky with white clouds,https://images.unsplash.com/photo-1511426463457-0571e247d816?crop=entropy&cs=tinysrgb&fit=max&fm=jpg&ixid=M3w4NDE4NjB8MHwxfHNlYXJjaHwxNHx8c3BvcnRzJTIwc2hvZXN8ZW58MHx8fHwxNzY1MzU2MzU3fDA&ixlib=rb-4.1.0&q=80&w=1080
U001,B0015,person running on tracking field,https://images.unsplash.com/photo-1547941126-3d5322b218b0?crop=entropy&cs=tinysrgb&fit=max&fm=jpg&ixid=M3w4NDE4NjB8MHwxfHNlYXJjaHwxNXx8c3BvcnRzJTIwc2hvZXN8ZW58MHx8fHwxNzY1MzU2MzU3fDA&ixlib=rb-4.1.0&q=80&w=1080
U001,B0016,blue and white nike athletic shoe,https://images.unsplash.com/photo-1613743069803-c36101c1de01?crop=entropy&cs=tinysrgb&fit=max&fm=jpg&ixid=M3w4NDE4NjB8MHwxfHNlYXJjaHwxNnx8c3BvcnRzJTIwc2hvZXN8ZW58MHx8fHwxNzY1MzU2MzU3fDA&ixlib=rb-4.1.0&q=80&w=1080
U001,B0017,A pair of gray sneakers with white laces,https://images.unsplash.com/photo-1719523677291-a395426c1a87?crop=entropy&cs=tinysrgb&fit=max&fm=jpg&ixid=M3w4NDE4NjB8MHwxfHNlYXJjaHwxN3x8c3BvcnRzJTIwc2hvZXN8ZW58MHx8fHwxNzY1MzU2MzU3fDA&ixlib=rb-4.1.0&q=80&w=1080
U001,B0018,person wearing blue and white nike athletic shoes,https://images.unsplash.com/photo-1579528542333-4148f1769c35?crop=entropy&cs=tinysrgb&fit=max&fm=jpg&ixid=M3w4NDE4NjB8MHwxfHNlYXJjaHwxOHx8c3BvcnRzJTIwc2hvZXN8ZW58MHx8fHwxNzY1MzU2MzU3fDA&ixlib=rb-4.1.0&q=80&w=1080
U001,B0019,black and white nike athletic shoes,https://images.unsplash.com/photo-1631087606988-a6be38fccaf6?crop=entropy&cs=tinysrgb&fit=max&fm=jpg&ixid=M3w4NDE4NjB8MHwxfHNlYXJjaHwxOXx8c3BvcnRzJTIwc2hvZXN8ZW58MHx8fHwxNzY1MzU2MzU3fDA&ixlib=rb-4.1.0&q=80&w=1080
U001,B0020,a pair of sneakers on an orange background,https://images.unsplash.com/photo-1631542156377-473540702434?crop=entropy&cs=tinysrgb&fit=max&fm=jpg&ixid=M3w4NDE4NjB8MHwxfHNlYXJjaHwyMHx8c3BvcnRzJTIwc2hvZXN8ZW58MHx8fHwxNzY1MzU2MzU3fDA&ixlib=rb-4.1.0&q=80&w=1080
U002,B0021,a pair of shoes on an orange background,https://images.unsplash.com/photo-1631542503709-a269426f7d9e?crop=entropy&cs=tinysrgb&fit=max&fm=jpg&ixid=M3w4NDE4NjB8MHwxfHNlYXJjaHwyMXx8c3BvcnRzJTIwc2hvZXN8ZW58MHx8fHwxNzY1MzU2MzU3fDA&ixlib=rb-4.1.0&q=80&w=1080
U002,B0022,a pair of shoes sitting on top of an orange background,https://images.unsplash.com/photo-1631542245680-3bc3aeb813be?crop=entropy&cs=tinysrgb&fit=max&fm=jpg&ixid=M3w4NDE4NjB8MHwxfHNlYXJjaHwyMnx8c3BvcnRzJTIwc2hvZXN8ZW58MHx8fHwxNzY1MzU2MzU3fDA&ixlib=rb-4.1.0&q=80&w=1080
U002,B0023,Pair of red athletic shoes with white soles.,https://images.unsplash.com/photo-1762690285055-fa80848e825b?crop=entropy&cs=tinysrgb&fit=max&fm=jpg&ixid=M3w4NDE4NjB8MHwxfHNlYXJjaHwyM3x8c3BvcnRzJTIwc2hvZXN8ZW58MHx8fHwxNzY1MzU2MzU3fDA&ixlib=rb-4.1.0&q=80&w=1080
U002,B0024,A neon green shoe with a black background,https://images.unsplash.com/photo-1719759674376-a001dc166cb6?crop=entropy&cs=tinysrgb&fit=max&fm=jpg&ixid=M3w4NDE4NjB8MHwxfHNlYXJjaHwyNHx8c3BvcnRzJTIwc2hvZXN8ZW58MHx8fHwxNzY1MzU2MzU3fDA&ixlib=rb-4.1.0&q=80&w=1080
U002,B0025,red and white nike shoe,https://images.unsplash.com/photo-1623961750651-da5deaa8a49e?crop=entropy&cs=tinysrgb&fit=max&fm=jpg&ixid=M3w4NDE4NjB8MHwxfHNlYXJjaHwyNXx8c3BvcnRzJTIwc2hvZXN8ZW58MHx8fHwxNzY1MzU2MzU3fDA&ixlib=rb-4.1.0&q=80&w=1080
U002,B0026,grayscale photo of person wearing nike shoes,https://images.unsplash.com/photo-1629368713367-344aca9f8478?crop=entropy&cs=tinysrgb&fit=max&fm=jpg&ixid=M3w4NDE4NjB8MHwxfHNlYXJjaHwyNnx8c3BvcnRzJTIwc2hvZXN8ZW58MHx8fHwxNzY1MzU2MzU3fDA&ixlib=rb-4.1.0&q=80&w=1080
U002,B0027,person in red and white nike sneakers,https://images.unsplash.com/photo-1629368713457-1ea9f57b5c9d?crop=entropy&cs=tinysrgb&fit=max&fm=jpg&ixid=M3w4NDE4NjB8MHwxfHNlYXJjaHwyN3x8c3BvcnRzJTIwc2hvZXN8ZW58MHx8fHwxNzY1MzU2MzU3fDA&ixlib=rb-4.1.0&q=80&w=1080
U002,B0028,a toy car on grass,https://images.unsplash.com/photo-1670416035623-6538fd6810c9?crop=entropy&cs=tinysrgb&fit=max&fm=jpg&ixid=M3w4NDE4NjB8MHwxfHNlYXJjaHwyOHx8c3BvcnRzJTIwc2hvZXN8ZW58MHx8fHwxNzY1MzU2MzU3fDA&ixlib=rb-4.1.0&q=80&w=1080
U002,B0029,orange and white nike athletic shoe,https://images.unsplash.com/photo-1623961750666-21b483e1a1bf?crop=entropy&cs=tinysrgb&fit=max&fm=jpg&ixid=M3w4NDE4NjB8MHwxfHNlYXJjaHwyOXx8c3BvcnRzJTIwc2hvZXN8ZW58MHx8fHwxNzY1MzU2MzU3fDA&ixlib=rb-4.1.0&q=80&w=1080
U002,B0030,person standing on brown and white surface,https://images.unsplash.com/photo-1534185468818-f3eba1d779c0?crop=entropy&cs=tinysrgb&fit=max&fm=jpg&ixid=M3w4NDE4NjB8MHwxfHNlYXJjaHwzMHx8c3BvcnRzJTIwc2hvZXN8ZW58MHx8fHwxNzY1MzU2MzU3fDA&ixlib=rb-4.1.0&q=80&w=1080
U002,B0031,pair of black-white-and-red Air Jordan 1 shoes,https://images.unsplash.com/photo-1552346154-21d32810aba3?crop=entropy&cs=tinysrgb&fit=max&fm=jpg&ixid=M3w4NDE4NjB8MHwxfHNlYXJjaHwzMXx8c3BvcnRzJTIwc2hvZXN8ZW58MHx8fHwxNzY1MzU2MzU4fDA&ixlib=rb-4.1.0&q=80&w=1080
U002,B0032,pair of white black and red Nike sneakers on floor,https://images.unsplash.com/photo-1552346053-c33aa8b3d665?crop=entropy&cs=tinysrgb&fit=max&fm=jpg&ixid=M3w4NDE4NjB8MHwxfHNlYXJjaHwzMnx8c3BvcnRzJTIwc2hvZXN8ZW58MHx8fHwxNzY1MzU2MzU4fDA&ixlib=rb-4.1.0&q=80&w=1080
U002,B0033,pair of Air Jordan 1's on bench,https://images.unsplash.com/photo-1552346210-468fb42f5e5b?crop=entropy&cs=tinysrgb&fit=max&fm=jpg&ixid=M3w4NDE4NjB8MHwxfHNlYXJjaHwzM3x8c3BvcnRzJTIwc2hvZXN8ZW58MHx8fHwxNzY1MzU2MzU4fDA&ixlib=rb-4.1.0&q=80&w=1080
U002,B0034,A person is wearing a white shoe.,https://images.unsplash.com/photo-1741478551653-0d9107fccd0f?crop=entropy&cs=tinysrgb&fit=max&fm=jpg&ixid=M3w4NDE4NjB8MHwxfHNlYXJjaHwzNHx8c3BvcnRzJTIwc2hvZXN8ZW58MHx8fHwxNzY1MzU2MzU4fDA&ixlib=rb-4.1.0&q=80&w=1080
U002,B0035,pair of white-black-and-red Air Jordan 1's,https://images.unsplash.com/photo-1552346318-f82ee4ffa2d4?crop=entropy&cs=tinysrgb&fit=max&fm=jpg&ixid=M3w4NDE4NjB8MHwxfHNlYXJjaHwzNXx8c3BvcnRzJTIwc2hvZXN8ZW58MHx8fHwxNzY1MzU2MzU4fDA&ixlib=rb-4.1.0&q=80&w=1080
U002,B0036,Nike Air Jordan 1 shoes near chain link fence,https://images.unsplash.com/photo-1552346094-f0742e13b3b8?crop=entropy&cs=tinysrgb&fit=max&fm=jpg&ixid=M3w4NDE4NjB8MHwxfHNlYXJjaHwzNnx8c3BvcnRzJTIwc2hvZXN8ZW58MHx8fHwxNzY1MzU2MzU4fDA&ixlib=rb-4.1.0&q=80&w=1080
U002,B0037,unpaired red Air Jordan 1 shoe,https://images.unsplash.com/photo-1552346210-57dc21545e80?crop=entropy&cs=tinysrgb&fit=max&fm=jpg&ixid=M3w4NDE4NjB8MHwxfHNlYXJjaHwzN3x8c3BvcnRzJTIwc2hvZXN8ZW58MHx8fHwxNzY1MzU2MzU4fDA&ixlib=rb-4.1.0&q=80&w=1080
U002,B0038,A pair of shoes on display in a glass case,https://images.unsplash.com/photo-1739138054456-0aca1b90e4a9?crop=entropy&cs=tinysrgb&fit=max&fm=jpg&ixid=M3w4NDE4NjB8MHwxfHNlYXJjaHwzOHx8c3BvcnRzJTIwc2hvZXN8ZW58MHx8fHwxNzY1MzU2MzU4fDA&ixlib=rb-4.1.0&q=80&w=1080
U002,B0039,A pair of sneakers on a metal stand,https://images.unsplash.com/photo-1739138053507-0f312a938451?crop=entropy&cs=tinysrgb&fit=max&fm=jpg&ixid=M3w4NDE4NjB8MHwxfHNlYXJjaHwzOXx8c3BvcnRzJTIwc2hvZXN8ZW58MHx8fHwxNzY1MzU2MzU4fDA&ixlib=rb-4.1.0&q=80&w=1080
U002,B0040,Rows of sneakers displayed on shelves in a store.,https://images.unsplash.com/photo-1760302318631-a8d342cd4951?crop=entropy&cs=tinysrgb&fit=max&fm=jpg&ixid=M3w4NDE4NjB8MHwxfHNlYXJjaHw0MHx8c3BvcnRzJTIwc2hvZXN8ZW58MHx8fHwxNzY1MzU2MzU4fDA&ixlib=rb-4.1.0&q=80&w=1080
U003,B0041,a group of people wearing black shoes,https://images.unsplash.com/photo-1664213623450-82226b159181?crop=entropy&cs=tinysrgb&fit=max&fm=jpg&ixid=M3w4NDE4NjB8MHwxfHNlYXJjaHw0MXx8c3BvcnRzJTIwc2hvZXN8ZW58MHx8fHwxNzY1MzU2MzU4fDA&ixlib=rb-4.1.0&q=80&w=1080
U003,B0042,Athlete preparing to lift a barbell with their hands.,https://images.unsplash.com/photo-1741478551865-da01fd4af0e4?crop=entropy&cs=tinysrgb&fit=max&fm=jpg&ixid=M3w4NDE4NjB8MHwxfHNlYXJjaHw0Mnx8c3BvcnRzJTIwc2hvZXN8ZW58MHx8fHwxNzY1MzU2MzU4fDA&ixlib=rb-4.1.0&q=80&w=1080
U003,B0043,a close up of a green and white shoe,https://images.unsplash.com/photo-1695459468644-717c8ae17eed?crop=entropy&cs=tinysrgb&fit=max&fm=jpg&ixid=M3w4NDE4NjB8MHwxfHNlYXJjaHw0M3x8c3BvcnRzJTIwc2hvZXN8ZW58MHx8fHwxNzY1MzU2MzU4fDA&ixlib=rb-4.1.0&q=80&w=1080
U003,B0044,black converse all star high top sneaker,https://images.unsplash.com/photo-1605973828881-d32d26aaf2ae?crop=entropy&cs=tinysrgb&fit=max&fm=jpg&ixid=M3w4NDE4NjB8MHwxfHNlYXJjaHw0NHx8c3BvcnRzJTIwc2hvZXN8ZW58MHx8fHwxNzY1MzU2MzU4fDA&ixlib=rb-4.1.0&q=80&w=1080
U003,B0045,A pair of sneakers on display in a glass case,https://images.unsplash.com/photo-1739132268718-53d64165d29a?crop=entropy&cs=tinysrgb&fit=max&fm=jpg&ixid=M3w4NDE4NjB8MHwxfHNlYXJjaHw0NXx8c3BvcnRzJTIwc2hvZXN8ZW58MHx8fHwxNzY1MzU2MzU4fDA&ixlib=rb-4.1.0&q=80&w=1080
U003,B0046,a person's feet with white sneakers on a wooden table,https://images.unsplash.com/photo-1636705941762-ae56d531a7d7?crop=entropy&cs=tinysrgb&fit=max&fm=jpg&ixid=M3w4NDE4NjB8MHwxfHNlYXJjaHw0Nnx8c3BvcnRzJTIwc2hvZXN8ZW58MHx8fHwxNzY1MzU2MzU4fDA&ixlib=rb-4.1.0&q=80&w=1080
U003,B0047,unpaired white Nike low-top shoe,https://images.unsplash.com/photo-1514385295299-4f4327e50847?crop=entropy&cs=tinysrgb&fit=max&fm=jpg&ixid=M3w4NDE4NjB8MHwxfHNlYXJjaHw0N3x8c3BvcnRzJTIwc2hvZXN8ZW58MHx8fHwxNzY1MzU2MzU4fDA&ixlib=rb-4.1.0&q=80&w=1080
U003,B0048,A pair of nike shoes on display on a wall,https://images.unsplash.com/photo-1739138053555-13321c306033?crop=entropy&cs=tinysrgb&fit=max&fm=jpg&ixid=M3w4NDE4NjB8MHwxfHNlYXJjaHw0OHx8c3BvcnRzJTIwc2hvZXN8ZW58MHx8fHwxNzY1MzU2MzU4fDA&ixlib=rb-4.1.0&q=80&w=1080
U003,B0049,person wearing white and black nike sneakers,https://images.unsplash.com/photo-1608627511787-eebd47989975?crop=entropy&cs=tinysrgb&fit=max&fm=jpg&ixid=M3w4NDE4NjB8MHwxfHNlYXJjaHw0OXx8c3BvcnRzJTIwc2hvZXN8ZW58MHx8fHwxNzY1MzU2MzU4fDA&ixlib=rb-4.1.0&q=80&w=1080
U003,B0050,pair of white-and-black Ellesse lace-up low-top sneakers,https://images.unsplash.com/photo-1558599577-7884a4e31e79?crop=entropy&cs=tinysrgb&fit=max&fm=jpg&ixid=M3w4NDE4NjB8MHwxfHNlYXJjaHw1MHx8c3BvcnRzJTIwc2hvZXN8ZW58MHx8fHwxNzY1MzU2MzU4fDA&ixlib=rb-4.1.0&q=80&w=1080
U003,B0051,close-up photo of black-and-gray Intruder ice skates on frozen body of water,https://images.unsplash.com/photo-1517177646641-83fe10f14633?crop=entropy&cs=tinysrgb&fit=max&fm=jpg&ixid=M3w4NDE4NjB8MHwxfHNlYXJjaHw1MXx8c3BvcnRzJTIwc2hvZXN8ZW58MHx8fHwxNzY1MzU2MzU4fDA&ixlib=rb-4.1.0&q=80&w=1080
U003,B0052,a pair of sneakers on an orange background,https://images.unsplash.com/photo-1631542204051-7927ce32b94e?crop=entropy&cs=tinysrgb&fit=max&fm=jpg&ixid=M3w4NDE4NjB8MHwxfHNlYXJjaHw1Mnx8c3BvcnRzJTIwc2hvZXN8ZW58MHx8fHwxNzY1MzU2MzU4fDA&ixlib=rb-4.1.0&q=80&w=1080
U003,B0053,a black and white photo of a basketball shoe,https://images.unsplash.com/photo-1671019793759-077ea7536f10?crop=entropy&cs=tinysrgb&fit=max&fm=jpg&ixid=M3w4NDE4NjB8MHwxfHNlYXJjaHw1M3x8c3BvcnRzJTIwc2hvZXN8ZW58MHx8fHwxNzY1MzU2MzU4fDA&ixlib=rb-4.1.0&q=80&w=1080
U003,B0054,person wearing white nike air max,https://images.unsplash.com/photo-1589562481113-10555af3f69d?crop=entropy&cs=tinysrgb&fit=max&fm=jpg&ixid=M3w4NDE4NjB8MHwxfHNlYXJjaHw1NHx8c3BvcnRzJTIwc2hvZXN8ZW58MHx8fHwxNzY1MzU2MzU4fDA&ixlib=rb-4.1.0&q=80&w=1080
U003,B0055,black and white nike athletic shoes,https://images.unsplash.com/photo-1613740104907-d537a85e1274?crop=entropy&cs=tinysrgb&fit=max&fm=jpg&ixid=M3w4NDE4NjB8MHwxfHNlYXJjaHw1NXx8c3BvcnRzJTIwc2hvZXN8ZW58MHx8fHwxNzY1MzU2MzU4fDA&ixlib=rb-4.1.0&q=80&w=1080
U003,B0056,white and red nike athletic shoes,https://images.unsplash.com/photo-1582229877992-183467c5eee9?crop=entropy&cs=tinysrgb&fit=max&fm=jpg&ixid=M3w4NDE4NjB8MHwxfHNlYXJjaHw1Nnx8c3BvcnRzJTIwc2hvZXN8ZW58MHx8fHwxNzY1MzU2MzU4fDA&ixlib=rb-4.1.0&q=80&w=1080
U003,B0057,person in black pants and white nike basketball shoes,https://images.unsplash.com/photo-1609864810404-654508b3ec47?crop=entropy&cs=tinysrgb&fit=max&fm=jpg&ixid=M3w4NDE4NjB8MHwxfHNlYXJjaHw1N3x8c3BvcnRzJTIwc2hvZXN8ZW58MHx8fHwxNzY1MzU2MzU4fDA&ixlib=rb-4.1.0&q=80&w=1080
U003,B0058,Row of colorful athletic shoes with white logos,https://images.unsplash.com/photo-1762943107238-a87f6f7bf6a9?crop=entropy&cs=tinysrgb&fit=max&fm=jpg&ixid=M3w4NDE4NjB8MHwxfHNlYXJjaHw1OHx8c3BvcnRzJTIwc2hvZXN8ZW58MHx8fHwxNzY1MzU2MzU4fDA&ixlib=rb-4.1.0&q=80&w=1080
U003,B0059,A pair of shoes on display in a glass case,https://images.unsplash.com/photo-1739138054429-be0ef776a03e?crop=entropy&cs=tinysrgb&fit=max&fm=jpg&ixid=M3w4NDE4NjB8MHwxfHNlYXJjaHw1OXx8c3BvcnRzJTIwc2hvZXN8ZW58MHx8fHwxNzY1MzU2MzU4fDA&ixlib=rb-4.1.0&q=80&w=1080
U003,B0060,black white and red nike air max 90,https://images.unsplash.com/photo-1625515921520-ca6f70457641?crop=entropy&cs=tinysrgb&fit=max&fm=jpg&ixid=M3w4NDE4NjB8MHwxfHNlYXJjaHw2MHx8c3BvcnRzJTIwc2hvZXN8ZW58MHx8fHwxNzY1MzU2MzU4fDA&ixlib=rb-4.1.0&q=80&w=1080
U004,B0061,person wearing black adidas sneakers,https://images.unsplash.com/photo-1505784045224-1247b2b29cf3?crop=entropy&cs=tinysrgb&fit=max&fm=jpg&ixid=M3w4NDE4NjB8MHwxfHNlYXJjaHw2MXx8c3BvcnRzJTIwc2hvZXN8ZW58MHx8fHwxNzY1MzU2MzYwfDA&ixlib=rb-4.1.0&q=80&w=1080
U004,B0062,black white and red nike athletic shoe,https://images.unsplash.com/photo-1625515921533-c9195ff2a7e2?crop=entropy&cs=tinysrgb&fit=max&fm=jpg&ixid=M3w4NDE4NjB8MHwxfHNlYXJjaHw2Mnx8c3BvcnRzJTIwc2hvZXN8ZW58MHx8fHwxNzY1MzU2MzYwfDA&ixlib=rb-4.1.0&q=80&w=1080
U004,B0063,pair of black basketball shoes on gray surface,https://images.unsplash.com/photo-1522669547617-84967777d313?crop=entropy&cs=tinysrgb&fit=max&fm=jpg&ixid=M3w4NDE4NjB8MHwxfHNlYXJjaHw2M3x8c3BvcnRzJTIwc2hvZXN8ZW58MHx8fHwxNzY1MzU2MzYwfDA&ixlib=rb-4.1.0&q=80&w=1080
U004,B0064,white and red nike athletic shoes,https://images.unsplash.com/photo-1582229911941-ad25e99c9ead?crop=entropy&cs=tinysrgb&fit=max&fm=jpg&ixid=M3w4NDE4NjB8MHwxfHNlYXJjaHw2NHx8c3BvcnRzJTIwc2hvZXN8ZW58MHx8fHwxNzY1MzU2MzYwfDA&ixlib=rb-4.1.0&q=80&w=1080
U004,B0065,A display case with a shoe on top of it,https://images.unsplash.com/photo-1739132268693-8ba353f0959c?crop=entropy&cs=tinysrgb&fit=max&fm=jpg&ixid=M3w4NDE4NjB8MHwxfHNlYXJjaHw2NXx8c3BvcnRzJTIwc2hvZXN8ZW58MHx8fHwxNzY1MzU2MzYwfDA&ixlib=rb-4.1.0&q=80&w=1080
U004,B0066,white and red nike air force 1 high,https://images.unsplash.com/photo-1613740105081-e88271c0211f?crop=entropy&cs=tinysrgb&fit=max&fm=jpg&ixid=M3w4NDE4NjB8MHwxfHNlYXJjaHw2Nnx8c3BvcnRzJTIwc2hvZXN8ZW58MHx8fHwxNzY1MzU2MzYwfDA&ixlib=rb-4.1.0&q=80&w=1080
U004,B0067,person on skateboard,https://images.unsplash.com/photo-1569116011158-3ac1ba68ddba?crop=entropy&cs=tinysrgb&fit=max&fm=jpg&ixid=M3w4NDE4NjB8MHwxfHNlYXJjaHw2N3x8c3BvcnRzJTIwc2hvZXN8ZW58MHx8fHwxNzY1MzU2MzYwfDA&ixlib=rb-4.1.0&q=80&w=1080
U004,B0068,a pair of white converse sneakers on a basketball court,https://images.unsplash.com/photo-1559924542-af829296ad33?crop=entropy&cs=tinysrgb&fit=max&fm=jpg&ixid=M3w4NDE4NjB8MHwxfHNlYXJjaHw2OHx8c3BvcnRzJTIwc2hvZXN8ZW58MHx8fHwxNzY1MzU2MzYwfDA&ixlib=rb-4.1.0&q=80&w=1080
U004,B0069,feet with dirty white basketball shoes raised into air under basketball hoop,https://images.unsplash.com/photo-1565668429068-b5e8a2c06fe7?crop=entropy&cs=tinysrgb&fit=max&fm=jpg&ixid=M3w4NDE4NjB8MHwxfHNlYXJjaHw2OXx8c3BvcnRzJTIwc2hvZXN8ZW58MHx8fHwxNzY1MzU2MzYwfDA&ixlib=rb-4.1.0&q=80&w=1080
U004,B0070,A white running shoe hovering in the air.,https://images.unsplash.com/photo-1746206673199-5b75dcec1018?crop=entropy&cs=tinysrgb&fit=max&fm=jpg&ixid=M3w4NDE4NjB8MHwxfHNlYXJjaHw3MHx8c3BvcnRzJTIwc2hvZXN8ZW58MHx8fHwxNzY1MzU2MzYwfDA&ixlib=rb-4.1.0&q=80&w=1080
U004,B0071,a man is doing a push up on a running track,https://images.unsplash.com/photo-1638820722152-ca694ab63e7d?crop=entropy&cs=tinysrgb&fit=max&fm=jpg&ixid=M3w4NDE4NjB8MHwxfHNlYXJjaHw3MXx8c3BvcnRzJTIwc2hvZXN8ZW58MHx8fHwxNzY1MzU2MzYwfDA&ixlib=rb-4.1.0&q=80&w=1080
U004,B0072,person standing on brown and white surface,https://images.unsplash.com/photo-1534185468818-f3eba1d779c0?crop=entropy&cs=tinysrgb&fit=max&fm=jpg&ixid=M3w4NDE4NjB8MHwxfHNlYXJjaHw3Mnx8c3BvcnRzJTIwc2hvZXN8ZW58MHx8fHwxNzY1MzU2MzYwfDA&ixlib=rb-4.1.0&q=80&w=1080
U004,B0073,man in black long sleeve shirt and black shorts running on green grass field during daytime,https://images.unsplash.com/photo-1630877268428-616cc533239a?crop=entropy&cs=tinysrgb&fit=max&fm=jpg&ixid=M3w4NDE4NjB8MHwxfHNlYXJjaHw3M3x8c3BvcnRzJTIwc2hvZXN8ZW58MHx8fHwxNzY1MzU2MzYwfDA&ixlib=rb-4.1.0&q=80&w=1080
U004,B0074,person in white nike sneakers standing on tennis court,https://images.unsplash.com/photo-1587683437363-8c2b1e5fbd38?crop=entropy&cs=tinysrgb&fit=max&fm=jpg&ixid=M3w4NDE4NjB8MHwxfHNlYXJjaHw3NHx8c3BvcnRzJTIwc2hvZXN8ZW58MHx8fHwxNzY1MzU2MzYwfDA&ixlib=rb-4.1.0&q=80&w=1080
U004,B0075,a person standing next to a basketball and a skateboard,https://images.unsplash.com/photo-1642326656890-0dfbea690cd0?crop=entropy&cs=tinysrgb&fit=max&fm=jpg&ixid=M3w4NDE4NjB8MHwxfHNlYXJjaHw3NXx8c3BvcnRzJTIwc2hvZXN8ZW58MHx8fHwxNzY1MzU2MzYwfDA&ixlib=rb-4.1.0&q=80&w=1080
U004,B0076,person in blue denim jeans and red nike sneakers standing beside orange car,https://images.unsplash.com/photo-1618153478389-b2ed8de18ed3?crop=entropy&cs=tinysrgb&fit=max&fm=jpg&ixid=M3w4NDE4NjB8MHwxfHNlYXJjaHw3Nnx8c3BvcnRzJTIwc2hvZXN8ZW58MHx8fHwxNzY1MzU2MzYwfDA&ixlib=rb-4.1.0&q=80&w=1080
U004,B0077,a skateboard and a basketball on the ground,https://images.unsplash.com/photo-1642326828805-0d3251cc250f?crop=entropy&cs=tinysrgb&fit=max&fm=jpg&ixid=M3w4NDE4NjB8MHwxfHNlYXJjaHw3N3x8c3BvcnRzJTIwc2hvZXN8ZW58MHx8fHwxNzY1MzU2MzYwfDA&ixlib=rb-4.1.0&q=80&w=1080
U004,B0078,pair of blue-and-brown adidas low-top sneakers on white board,https://images.unsplash.com/photo-1523212465813-857a9d1a19f4?crop=entropy&cs=tinysrgb&fit=max&fm=jpg&ixid=M3w4NDE4NjB8MHwxfHNlYXJjaHw3OHx8c3BvcnRzJTIwc2hvZXN8ZW58MHx8fHwxNzY1MzU2MzYwfDA&ixlib=rb-4.1.0&q=80&w=1080
U004,B0079,a group of people sitting on top of a basketball court,https://images.unsplash.com/photo-1705440005919-4e4bae8c8fb1?crop=entropy&cs=tinysrgb&fit=max&fm=jpg&ixid=M3w4NDE4NjB8MHwxfHNlYXJjaHw3OXx8c3BvcnRzJTIwc2hvZXN8ZW58MHx8fHwxNzY1MzU2MzYwfDA&ixlib=rb-4.1.0&q=80&w=1080
U004,B0080,black and white nike air max,https://images.unsplash.com/photo-1625515922308-56dcaa45351c?crop=entropy&cs=tinysrgb&fit=max&fm=jpg&ixid=M3w4NDE4NjB8MHwxfHNlYXJjaHw4MHx8c3BvcnRzJTIwc2hvZXN8ZW58MHx8fHwxNzY1MzU2MzYwfDA&ixlib=rb-4.1.0&q=80&w=1080
U005,B0081,Pair of blue and yellow nike air max sneakers.,https://images.unsplash.com/photo-1761575074211-c58a7f782432?crop=entropy&cs=tinysrgb&fit=max&fm=jpg&ixid=M3w4NDE4NjB8MHwxfHNlYXJjaHw4MXx8c3BvcnRzJTIwc2hvZXN8ZW58MHx8fHwxNzY1MzU2MzYwfDA&ixlib=rb-4.1.0&q=80&w=1080
U005,B0082,woman in white long sleeve shirt and black skirt walking on gray concrete road,https://images.unsplash.com/photo-1598861378192-8821694c899b?crop=entropy&cs=tinysrgb&fit=max&fm=jpg&ixid=M3w4NDE4NjB8MHwxfHNlYXJjaHw4Mnx8c3BvcnRzJTIwc2hvZXN8ZW58MHx8fHwxNzY1MzU2MzYwfDA&ixlib=rb-4.1.0&q=80&w=1080
U005,B0083,people skating on street during daytime,https://images.unsplash.com/photo-1562579574-3090843fb758?crop=entropy&cs=tinysrgb&fit=max&fm=jpg&ixid=M3w4NDE4NjB8MHwxfHNlYXJjaHw4M3x8c3BvcnRzJTIwc2hvZXN8ZW58MHx8fHwxNzY1MzU2MzYwfDA&ixlib=rb-4.1.0&q=80&w=1080
U005,B0084,pair of black Adidas cleats on grass field,https://images.unsplash.com/photo-1571267434388-6a1df2649dce?crop=entropy&cs=tinysrgb&fit=max&fm=jpg&ixid=M3w4NDE4NjB8MHwxfHNlYXJjaHw4NHx8c3BvcnRzJTIwc2hvZXN8ZW58MHx8fHwxNzY1MzU2MzYwfDA&ixlib=rb-4.1.0&q=80&w=1080
U005,B0085,white red and black nike athletic shoe,https://images.unsplash.com/photo-1600185365778-7875a359b924?crop=entropy&cs=tinysrgb&fit=max&fm=jpg&ixid=M3w4NDE4NjB8MHwxfHNlYXJjaHw4NXx8c3BvcnRzJTIwc2hvZXN8ZW58MHx8fHwxNzY1MzU2MzYwfDA&ixlib=rb-4.1.0&q=80&w=1080
U005,B0086,boy in black and white jacket and gray pants wearing brown and white nike sneakers jumping,https://images.unsplash.com/photo-1607081305521-aaed74b01ae9?crop=entropy&cs=tinysrgb&fit=max&fm=jpg&ixid=M3w4NDE4NjB8MHwxfHNlYXJjaHw4Nnx8c3BvcnRzJTIwc2hvZXN8ZW58MHx8fHwxNzY1MzU2MzYwfDA&ixlib=rb-4.1.0&q=80&w=1080
U005,B0087,woman in black shirt and black shorts holding orange basketball,https://images.unsplash.com/photo-1619684736572-cf0a43823d87?crop=entropy&cs=tinysrgb&fit=max&fm=jpg&ixid=M3w4NDE4NjB8MHwxfHNlYXJjaHw4N3x8c3BvcnRzJTIwc2hvZXN8ZW58MHx8fHwxNzY1MzU2MzYwfDA&ixlib=rb-4.1.0&q=80&w=1080
U005,B0088,a bunch of shoes that are on a wall,https://images.unsplash.com/photo-1705637841125-610f6a7c68d3?crop=entropy&cs=tinysrgb&fit=max&fm=jpg&ixid=M3w4NDE4NjB8MHwxfHNlYXJjaHw4OHx8c3BvcnRzJTIwc2hvZXN8ZW58MHx8fHwxNzY1MzU2MzYwfDA&ixlib=rb-4.1.0&q=80&w=1080
U005,B0089,pair of blue-black-and-beige Adidas cleats,https://images.unsplash.com/photo-1506079906501-adbb5907b720?crop=entropy&cs=tinysrgb&fit=max&fm=jpg&ixid=M3w4NDE4NjB8MHwxfHNlYXJjaHw4OXx8c3BvcnRzJTIwc2hvZXN8ZW58MHx8fHwxNzY1MzU2MzYwfDA&ixlib=rb-4.1.0&q=80&w=1080
U005,B0090,black and white nike athletic shoes,https://images.unsplash.com/photo-1610664676996-84b489284b95?crop=entropy&cs=tinysrgb&fit=max&fm=jpg&ixid=M3w4NDE4NjB8MHwxfHNlYXJjaHw5MHx8c3BvcnRzJTIwc2hvZXN8ZW58MHx8fHwxNzY1MzU2MzYwfDA&ixlib=rb-4.1.0&q=80&w=1080
U005,B0091,person wearing black and white sneakers,https://images.unsplash.com/photo-1592475846930-bbde13b605f1?crop=entropy&cs=tinysrgb&fit=max&fm=jpg&ixid=M3w4NDE4NjB8MHwxfHNlYXJjaHw5MXx8c3BvcnRzJTIwc2hvZXN8ZW58MHx8fHwxNzY1MzU2MzYxfDA&ixlib=rb-4.1.0&q=80&w=1080
U005,B0092,man climbing the rock formation during daytime,https://images.unsplash.com/photo-1570328477310-da8993bd3ea9?crop=entropy&cs=tinysrgb&fit=max&fm=jpg&ixid=M3w4NDE4NjB8MHwxfHNlYXJjaHw5Mnx8c3BvcnRzJTIwc2hvZXN8ZW58MHx8fHwxNzY1MzU2MzYxfDA&ixlib=rb-4.1.0&q=80&w=1080
U005,B0093,A pair of shoes hanging from a wire.,https://images.unsplash.com/photo-1761065046806-cfb4e99442a6?crop=entropy&cs=tinysrgb&fit=max&fm=jpg&ixid=M3w4NDE4NjB8MHwxfHNlYXJjaHw5M3x8c3BvcnRzJTIwc2hvZXN8ZW58MHx8fHwxNzY1MzU2MzYxfDA&ixlib=rb-4.1.0&q=80&w=1080
U005,B0094,person wearing black adidas sneakers,https://images.unsplash.com/photo-1613972798759-e677d3fb640f?crop=entropy&cs=tinysrgb&fit=max&fm=jpg&ixid=M3w4NDE4NjB8MHwxfHNlYXJjaHw5NHx8c3BvcnRzJTIwc2hvZXN8ZW58MHx8fHwxNzY1MzU2MzYxfDA&ixlib=rb-4.1.0&q=80&w=1080
U005,B0095,five persons standing in front of black and white Nike basketball,https://images.unsplash.com/photo-1543678854-db854c02a894?crop=entropy&cs=tinysrgb&fit=max&fm=jpg&ixid=M3w4NDE4NjB8MHwxfHNlYXJjaHw5NXx8c3BvcnRzJTIwc2hvZXN8ZW58MHx8fHwxNzY1MzU2MzYxfDA&ixlib=rb-4.1.0&q=80&w=1080
U005,B0096,a man sitting on a bench in front of a display of shoes,https://images.unsplash.com/photo-1705637841183-e77eede5837b?crop=entropy&cs=tinysrgb&fit=max&fm=jpg&ixid=M3w4NDE4NjB8MHwxfHNlYXJjaHw5Nnx8c3BvcnRzJTIwc2hvZXN8ZW58MHx8fHwxNzY1MzU2MzYxfDA&ixlib=rb-4.1.0&q=80&w=1080
U005,B0097,a black and white photo of a person riding a skateboard,https://images.unsplash.com/photo-1674902034729-0431da6b0cff?crop=entropy&cs=tinysrgb&fit=max&fm=jpg&ixid=M3w4NDE4NjB8MHwxfHNlYXJjaHw5N3x8c3BvcnRzJTIwc2hvZXN8ZW58MHx8fHwxNzY1MzU2MzYxfDA&ixlib=rb-4.1.0&q=80&w=1080
U005,B0098,Pair of athletic shoes on green grass,https://images.unsplash.com/photo-1762709753434-abea23356eed?crop=entropy&cs=tinysrgb&fit=max&fm=jpg&ixid=M3w4NDE4NjB8MHwxfHNlYXJjaHw5OHx8c3BvcnRzJTIwc2hvZXN8ZW58MHx8fHwxNzY1MzU2MzYxfDA&ixlib=rb-4.1.0&q=80&w=1080
U005,B0099,person skateboard,https://images.unsplash.com/photo-1531185038189-41815d864f32?crop=entropy&cs=tinysrgb&fit=max&fm=jpg&ixid=M3w4NDE4NjB8MHwxfHNlYXJjaHw5OXx8c3BvcnRzJTIwc2hvZXN8ZW58MHx8fHwxNzY1MzU2MzYxfDA&ixlib=rb-4.1.0&q=80&w=1080
U005,B0100,red and white basketball hoop,https://images.unsplash.com/photo-1611075893146-1bbb4078560f?crop=entropy&cs=tinysrgb&fit=max&fm=jpg&ixid=M3w4NDE4NjB8MHwxfHNlYXJjaHwxMDB8fHNwb3J0cyUyMHNob2VzfGVufDB8fHx8MTc2NTM1NjM2MXww&ixlib=rb-4.1.0&q=80&w=1080
,p101,Two wrestlers grappling intensely during a match.,https://images.unsplash.com/photo-1764908912127-885314cb5c21?crop=entropy&cs=tinysrgb&fit=max&fm=jpg&ixid=M3w4NDE4NjB8MHwxfHNlYXJjaHwxMDF8fHNwb3J0cyUyMHNob2VzfGVufDB8fHx8MTc2NTM1NjM2MXww&ixlib=rb-4.1.0&q=80&w=1080
,p102,A person standing on a walkway next to a body of water,https://images.unsplash.com/photo-1734956093462-7d89305e34a3?crop=entropy&cs=tinysrgb&fit=max&fm=jpg&ixid=M3w4NDE4NjB8MHwxfHNlYXJjaHwxMDJ8fHNwb3J0cyUyMHNob2VzfGVufDB8fHx8MTc2NTM1NjM2MXww&ixlib=rb-4.1.0&q=80&w=1080
,p103,person in black and white nike sneakers holding blue and white tennis racket,https://images.unsplash.com/photo-1587683437362-da7775ffc532?crop=entropy&cs=tinysrgb&fit=max&fm=jpg&ixid=M3w4NDE4NjB8MHwxfHNlYXJjaHwxMDN8fHNwb3J0cyUyMHNob2VzfGVufDB8fHx8MTc2NTM1NjM2MXww&ixlib=rb-4.1.0&q=80&w=1080
,p104,A pair of feet in black and white sneakers,https://images.unsplash.com/photo-1734956093501-811018732398?crop=entropy&cs=tinysrgb&fit=max&fm=jpg&ixid=M3w4NDE4NjB8MHwxfHNlYXJjaHwxMDR8fHNwb3J0cyUyMHNob2VzfGVufDB8fHx8MTc2NTM1NjM2MXww&ixlib=rb-4.1.0&q=80&w=1080
,p105,a pair of shoes,https://images.unsplash.com/photo-1668171708763-e639d8ac7b12?crop=entropy&cs=tinysrgb&fit=max&fm=jpg&ixid=M3w4NDE4NjB8MHwxfHNlYXJjaHwxMDV8fHNwb3J0cyUyMHNob2VzfGVufDB8fHx8MTc2NTM1NjM2MXww&ixlib=rb-4.1.0&q=80&w=1080
,p106,person wearing pair of white low-top sneakers while holding Wilson tennis racket,https://images.unsplash.com/photo-1530915365347-e35b749a0381?crop=entropy&cs=tinysrgb&fit=max&fm=jpg&ixid=M3w4NDE4NjB8MHwxfHNlYXJjaHwxMDZ8fHNwb3J0cyUyMHNob2VzfGVufDB8fHx8MTc2NTM1NjM2MXww&ixlib=rb-4.1.0&q=80&w=1080
,p107,person wearing white and black adidas sneakers,https://images.unsplash.com/photo-1587683437372-415ade8d32a6?crop=entropy&cs=tinysrgb&fit=max&fm=jpg&ixid=M3w4NDE4NjB8MHwxfHNlYXJjaHwxMDd8fHNwb3J0cyUyMHNob2VzfGVufDB8fHx8MTc2NTM1NjM2MXww&ixlib=rb-4.1.0&q=80&w=1080
,p108,woman in blue tank top and black leggings doing yoga,https://images.unsplash.com/photo-1623171888253-4d6ec614cbf6?crop=entropy&cs=tinysrgb&fit=max&fm=jpg&ixid=M3w4NDE4NjB8MHwxfHNlYXJjaHwxMDh8fHNwb3J0cyUyMHNob2VzfGVufDB8fHx8MTc2NTM1NjM2MXww&ixlib=rb-4.1.0&q=80&w=1080
,p109,person wearing white nike air max,https://images.unsplash.com/photo-1589562481113-10555af3f69d?crop=entropy&cs=tinysrgb&fit=max&fm=jpg&ixid=M3w4NDE4NjB8MHwxfHNlYXJjaHwxMDl8fHNwb3J0cyUyMHNob2VzfGVufDB8fHx8MTc2NTM1NjM2MXww&ixlib=rb-4.1.0&q=80&w=1080
,p110,Two tennis players with rackets on court.,https://images.unsplash.com/photo-1761156896753-f68418033fb9?crop=entropy&cs=tinysrgb&fit=max&fm=jpg&ixid=M3w4NDE4NjB8MHwxfHNlYXJjaHwxMTB8fHNwb3J0cyUyMHNob2VzfGVufDB8fHx8MTc2NTM1NjM2MXww&ixlib=rb-4.1.0&q=80&w=1080
,p111,"unpaired white, gray, and blue Nike Air Max 90 shoe",https://images.unsplash.com/photo-1511556532299-8f662fc26c06?crop=entropy&cs=tinysrgb&fit=max&fm=jpg&ixid=M3w4NDE4NjB8MHwxfHNlYXJjaHwxMTF8fHNwb3J0cyUyMHNob2VzfGVufDB8fHx8MTc2NTM1NjM2MXww&ixlib=rb-4.1.0&q=80&w=1080
,p112,A pair of shoes sitting on top of a rock,https://images.unsplash.com/photo-1718953325571-1533eadccf15?crop=entropy&cs=tinysrgb&fit=max&fm=jpg&ixid=M3w4NDE4NjB8MHwxfHNlYXJjaHwxMTJ8fHNwb3J0cyUyMHNob2VzfGVufDB8fHx8MTc2NTM1NjM2MXww&ixlib=rb-4.1.0&q=80&w=1080
,p113,women's yellow and black pullover hoodie,https://images.unsplash.com/photo-1569029943794-a483574a5821?crop=entropy&cs=tinysrgb&fit=max&fm=jpg&ixid=M3w4NDE4NjB8MHwxfHNlYXJjaHwxMTN8fHNwb3J0cyUyMHNob2VzfGVufDB8fHx8MTc2NTM1NjM2MXww&ixlib=rb-4.1.0&q=80&w=1080
,p114,black honda car steering wheel,https://images.unsplash.com/photo-1590360421671-0371083be083?crop=entropy&cs=tinysrgb&fit=max&fm=jpg&ixid=M3w4NDE4NjB8MHwxfHNlYXJjaHwxMTR8fHNwb3J0cyUyMHNob2VzfGVufDB8fHx8MTc2NTM1NjM2MXww&ixlib=rb-4.1.0&q=80&w=1080
,p115,person in white shorts and black and white nike sneakers,https://images.unsplash.com/photo-1606309373948-b80867ae6810?crop=entropy&cs=tinysrgb&fit=max&fm=jpg&ixid=M3w4NDE4NjB8MHwxfHNlYXJjaHwxMTV8fHNwb3J0cyUyMHNob2VzfGVufDB8fHx8MTc2NTM1NjM2MXww&ixlib=rb-4.1.0&q=80&w=1080
,p116,person wearing black and red nike athletic shoes,https://images.unsplash.com/photo-1604604716507-1b9838e44b2e?crop=entropy&cs=tinysrgb&fit=max&fm=jpg&ixid=M3w4NDE4NjB8MHwxfHNlYXJjaHwxMTZ8fHNwb3J0cyUyMHNob2VzfGVufDB8fHx8MTc2NTM1NjM2MXww&ixlib=rb-4.1.0&q=80&w=1080
,p117,person wearing green orange and black nike athletic shoes,https://images.unsplash.com/photo-1604604716522-7768cbad52b6?crop=entropy&cs=tinysrgb&fit=max&fm=jpg&ixid=M3w4NDE4NjB8MHwxfHNlYXJjaHwxMTd8fHNwb3J0cyUyMHNob2VzfGVufDB8fHx8MTc2NTM1NjM2MXww&ixlib=rb-4.1.0&q=80&w=1080
,p118,person wearing black and blue nike socks and orange and blue nike sneakers,https://images.unsplash.com/photo-1604604716658-8cac9e74d4fd?crop=entropy&cs=tinysrgb&fit=max&fm=jpg&ixid=M3w4NDE4NjB8MHwxfHNlYXJjaHwxMTh8fHNwb3J0cyUyMHNob2VzfGVufDB8fHx8MTc2NTM1NjM2MXww&ixlib=rb-4.1.0&q=80&w=1080
,p119,a group of young people sitting on top of a basketball court,https://images.unsplash.com/photo-1710378844907-faa3b444997f?crop=entropy&cs=tinysrgb&fit=max&fm=jpg&ixid=M3w4NDE4NjB8MHwxfHNlYXJjaHwxMTl8fHNwb3J0cyUyMHNob2VzfGVufDB8fHx8MTc2NTM1NjM2MXww&ixlib=rb-4.1.0&q=80&w=1080
,p120,person wearing black and green socks and black and red nike athletic shoes,https://images.unsplash.com/photo-1604604716527-338f3b979152?crop=entropy&cs=tinysrgb&fit=max&fm=jpg&ixid=M3w4NDE4NjB8MHwxfHNlYXJjaHwxMjB8fHNwb3J0cyUyMHNob2VzfGVufDB8fHx8MTc2NTM1NjM2MXww&ixlib=rb-4.1.0&q=80&w=1080
,p121,person wearing green orange and black nike athletic shoes,https://images.unsplash.com/photo-1604604716522-7768cbad52b6?crop=entropy&cs=tinysrgb&fit=max&fm=jpg&ixid=M3w4NDE4NjB8MHwxfHNlYXJjaHwxMjF8fHNwb3J0cyUyMHNob2VzfGVufDB8fHx8MTc2NTM1NjM2Mnww&ixlib=rb-4.1.0&q=80&w=1080
,p122,pair of black and yellow walking shoes,https://images.unsplash.com/photo-1560412838-f0eaf1d23074?crop=entropy&cs=tinysrgb&fit=max&fm=jpg&ixid=M3w4NDE4NjB8MHwxfHNlYXJjaHwxMjJ8fHNwb3J0cyUyMHNob2VzfGVufDB8fHx8MTc2NTM1NjM2Mnww&ixlib=rb-4.1.0&q=80&w=1080
,p123,person lying on blue surface,https://images.unsplash.com/photo-1577804315087-dcda56501f1a?crop=entropy&cs=tinysrgb&fit=max&fm=jpg&ixid=M3w4NDE4NjB8MHwxfHNlYXJjaHwxMjN8fHNwb3J0cyUyMHNob2VzfGVufDB8fHx8MTc2NTM1NjM2Mnww&ixlib=rb-4.1.0&q=80&w=1080
,p124,feet with dirty white basketball shoes raised into air under basketball hoop,https://images.unsplash.com/photo-1565668429068-b5e8a2c06fe7?crop=entropy&cs=tinysrgb&fit=max&fm=jpg&ixid=M3w4NDE4NjB8MHwxfHNlYXJjaHwxMjR8fHNwb3J0cyUyMHNob2VzfGVufDB8fHx8MTc2NTM1NjM2Mnww&ixlib=rb-4.1.0&q=80&w=1080
,p125,White sneakers standing on textured ground.,https://images.unsplash.com/photo-1751326147342-42326374d334?crop=entropy&cs=tinysrgb&fit=max&fm=jpg&ixid=M3w4NDE4NjB8MHwxfHNlYXJjaHwxMjV8fHNwb3J0cyUyMHNob2VzfGVufDB8fHx8MTc2NTM1NjM2Mnww&ixlib=rb-4.1.0&q=80&w=1080
,p126,white and black adidas athletic shoes,https://images.unsplash.com/photo-1579446565308-427218a2c60e?crop=entropy&cs=tinysrgb&fit=max&fm=jpg&ixid=M3w4NDE4NjB8MHwxfHNlYXJjaHwxMjZ8fHNwb3J0cyUyMHNob2VzfGVufDB8fHx8MTc2NTM1NjM2Mnww&ixlib=rb-4.1.0&q=80&w=1080
,p127,a person in red and blue football uniform on a field,https://images.unsplash.com/photo-1648642928890-dc0c286a6eea?crop=entropy&cs=tinysrgb&fit=max&fm=jpg&ixid=M3w4NDE4NjB8MHwxfHNlYXJjaHwxMjd8fHNwb3J0cyUyMHNob2VzfGVufDB8fHx8MTc2NTM1NjM2Mnww&ixlib=rb-4.1.0&q=80&w=1080
,p128,a man sitting on the hood of a blue car,https://images.unsplash.com/photo-1648227980924-dedfe44918aa?crop=entropy&cs=tinysrgb&fit=max&fm=jpg&ixid=M3w4NDE4NjB8MHwxfHNlYXJjaHwxMjh8fHNwb3J0cyUyMHNob2VzfGVufDB8fHx8MTc2NTM1NjM2Mnww&ixlib=rb-4.1.0&q=80&w=1080
,p129,A black and white adidas superstar sneaker,https://images.unsplash.com/photo-1758665630748-08141996c144?crop=entropy&cs=tinysrgb&fit=max&fm=jpg&ixid=M3w4NDE4NjB8MHwxfHNlYXJjaHwxMjl8fHNwb3J0cyUyMHNob2VzfGVufDB8fHx8MTc2NTM1NjM2Mnww&ixlib=rb-4.1.0&q=80&w=1080
,p130,a man standing next to a blue car on a road,https://images.unsplash.com/photo-1648228683057-52d76343db1e?crop=entropy&cs=tinysrgb&fit=max&fm=jpg&ixid=M3w4NDE4NjB8MHwxfHNlYXJjaHwxMzB8fHNwb3J0cyUyMHNob2VzfGVufDB8fHx8MTc2NTM1NjM2Mnww&ixlib=rb-4.1.0&q=80&w=1080
,p131,two people sitting on the ground with hats on,https://images.unsplash.com/photo-1648228665023-d9aad51d1ec7?crop=entropy&cs=tinysrgb&fit=max&fm=jpg&ixid=M3w4NDE4NjB8MHwxfHNlYXJjaHwxMzF8fHNwb3J0cyUyMHNob2VzfGVufDB8fHx8MTc2NTM1NjM2Mnww&ixlib=rb-4.1.0&q=80&w=1080
,p132,man in black long sleeve shirt and black shorts running on green grass field during daytime,https://images.unsplash.com/photo-1630877268428-616cc533239a?crop=entropy&cs=tinysrgb&fit=max&fm=jpg&ixid=M3w4NDE4NjB8MHwxfHNlYXJjaHwxMzJ8fHNwb3J0cyUyMHNob2VzfGVufDB8fHx8MTc2NTM1NjM2Mnww&ixlib=rb-4.1.0&q=80&w=1080
,p133,a man with his hair blowing in the wind,https://images.unsplash.com/photo-1648228672202-c6aa22d87a64?crop=entropy&cs=tinysrgb&fit=max&fm=jpg&ixid=M3w4NDE4NjB8MHwxfHNlYXJjaHwxMzN8fHNwb3J0cyUyMHNob2VzfGVufDB8fHx8MTc2NTM1NjM2Mnww&ixlib=rb-4.1.0&q=80&w=1080
,p134,Two men playing basketball on an indoor court,https://images.unsplash.com/photo-1762025721967-76b6280f8e04?crop=entropy&cs=tinysrgb&fit=max&fm=jpg&ixid=M3w4NDE4NjB8MHwxfHNlYXJjaHwxMzR8fHNwb3J0cyUyMHNob2VzfGVufDB8fHx8MTc2NTM1NjM2Mnww&ixlib=rb-4.1.0&q=80&w=1080
,p135,a man sitting on the side of a road wearing a hat,https://images.unsplash.com/photo-1648228116987-652cb7c5d840?crop=entropy&cs=tinysrgb&fit=max&fm=jpg&ixid=M3w4NDE4NjB8MHwxfHNlYXJjaHwxMzV8fHNwb3J0cyUyMHNob2VzfGVufDB8fHx8MTc2NTM1NjM2Mnww&ixlib=rb-4.1.0&q=80&w=1080
,p136,white nike air force 1 low,https://images.unsplash.com/photo-1584590069631-1c180f90a54c?crop=entropy&cs=tinysrgb&fit=max&fm=jpg&ixid=M3w4NDE4NjB8MHwxfHNlYXJjaHwxMzZ8fHNwb3J0cyUyMHNob2VzfGVufDB8fHx8MTc2NTM1NjM2Mnww&ixlib=rb-4.1.0&q=80&w=1080
,p137,man lying on gray surface,https://images.unsplash.com/photo-1526889836072-dbb0f1dbce66?crop=entropy&cs=tinysrgb&fit=max&fm=jpg&ixid=M3w4NDE4NjB8MHwxfHNlYXJjaHwxMzd8fHNwb3J0cyUyMHNob2VzfGVufDB8fHx8MTc2NTM1NjM2Mnww&ixlib=rb-4.1.0&q=80&w=1080
,p138,basketball player about to free throw,https://images.unsplash.com/photo-1519766304817-4f37bda74a26?crop=entropy&cs=tinysrgb&fit=max&fm=jpg&ixid=M3w4NDE4NjB8MHwxfHNlYXJjaHwxMzh8fHNwb3J0cyUyMHNob2VzfGVufDB8fHx8MTc2NTM1NjM2Mnww&ixlib=rb-4.1.0&q=80&w=1080
,p139,Woman in tennis skirt on clay court with balls,https://images.unsplash.com/photo-1758304455816-acf8080bbfb2?crop=entropy&cs=tinysrgb&fit=max&fm=jpg&ixid=M3w4NDE4NjB8MHwxfHNlYXJjaHwxMzl8fHNwb3J0cyUyMHNob2VzfGVufDB8fHx8MTc2NTM1NjM2Mnww&ixlib=rb-4.1.0&q=80&w=1080
,p140,A person standing next to a football helmet,https://images.unsplash.com/photo-1737240541669-1ef05cdcdda4?crop=entropy&cs=tinysrgb&fit=max&fm=jpg&ixid=M3w4NDE4NjB8MHwxfHNlYXJjaHwxNDB8fHNwb3J0cyUyMHNob2VzfGVufDB8fHx8MTc2NTM1NjM2Mnww&ixlib=rb-4.1.0&q=80&w=1080
,p141,Weightlifter performs a deadlift with a heavy barbell.,https://images.unsplash.com/photo-1741478551868-a17b1644228d?crop=entropy&cs=tinysrgb&fit=max&fm=jpg&ixid=M3w4NDE4NjB8MHwxfHNlYXJjaHwxNDF8fHNwb3J0cyUyMHNob2VzfGVufDB8fHx8MTc2NTM1NjM2Mnww&ixlib=rb-4.1.0&q=80&w=1080
,p142,Pair of blue and yellow nike air max sneakers.,https://images.unsplash.com/photo-1761575074211-c58a7f782432?crop=entropy&cs=tinysrgb&fit=max&fm=jpg&ixid=M3w4NDE4NjB8MHwxfHNlYXJjaHwxNDJ8fHNwb3J0cyUyMHNob2VzfGVufDB8fHx8MTc2NTM1NjM2Mnww&ixlib=rb-4.1.0&q=80&w=1080
,p143,A pair of pink and orange shoes next to a pair of black and yellow shoes,https://images.unsplash.com/photo-1735313476918-8ec59b74d66a?crop=entropy&cs=tinysrgb&fit=max&fm=jpg&ixid=M3w4NDE4NjB8MHwxfHNlYXJjaHwxNDN8fHNwb3J0cyUyMHNob2VzfGVufDB8fHx8MTc2NTM1NjM2Mnww&ixlib=rb-4.1.0&q=80&w=1080
,p144,A pair of shoes sitting on top of a cardboard box,https://images.unsplash.com/photo-1735313477053-fe9dc58ed58d?crop=entropy&cs=tinysrgb&fit=max&fm=jpg&ixid=M3w4NDE4NjB8MHwxfHNlYXJjaHwxNDR8fHNwb3J0cyUyMHNob2VzfGVufDB8fHx8MTc2NTM1NjM2Mnww&ixlib=rb-4.1.0&q=80&w=1080
,p145,A pair of shoes sitting on top of a box,https://images.unsplash.com/photo-1735313477144-c98b3d1e70a9?crop=entropy&cs=tinysrgb&fit=max&fm=jpg&ixid=M3w4NDE4NjB8MHwxfHNlYXJjaHwxNDV8fHNwb3J0cyUyMHNob2VzfGVufDB8fHx8MTc2NTM1NjM2Mnww&ixlib=rb-4.1.0&q=80&w=1080
,p146,A pair of shoes hanging from a string,https://images.unsplash.com/photo-1735313476767-86ed2718f97f?crop=entropy&cs=tinysrgb&fit=max&fm=jpg&ixid=M3w4NDE4NjB8MHwxfHNlYXJjaHwxNDZ8fHNwb3J0cyUyMHNob2VzfGVufDB8fHx8MTc2NTM1NjM2Mnww&ixlib=rb-4.1.0&q=80&w=1080
,p147,A pair of shoes hanging from a string,https://images.unsplash.com/photo-1735313476768-d0ee86325fff?crop=entropy&cs=tinysrgb&fit=max&fm=jpg&ixid=M3w4NDE4NjB8MHwxfHNlYXJjaHwxNDd8fHNwb3J0cyUyMHNob2VzfGVufDB8fHx8MTc2NTM1NjM2Mnww&ixlib=rb-4.1.0&q=80&w=1080
,p148,A pair of shoes hanging from a string,https://images.unsplash.com/photo-1735313476991-df99bf7861e2?crop=entropy&cs=tinysrgb&fit=max&fm=jpg&ixid=M3w4NDE4NjB8MHwxfHNlYXJjaHwxNDh8fHNwb3J0cyUyMHNob2VzfGVufDB8fHx8MTc2NTM1NjM2Mnww&ixlib=rb-4.1.0&q=80&w=1080
,p149,A pair of running shoes sitting on top of a mat,https://images.unsplash.com/photo-1735313477891-f5b25b2f0f06?crop=entropy&cs=tinysrgb&fit=max&fm=jpg&ixid=M3w4NDE4NjB8MHwxfHNlYXJjaHwxNDl8fHNwb3J0cyUyMHNob2VzfGVufDB8fHx8MTc2NTM1NjM2Mnww&ixlib=rb-4.1.0&q=80&w=1080
,p150,person in blue denim jeans and black and white adidas sneakers,https://images.unsplash.com/photo-1621930997123-12b382615241?crop=entropy&cs=tinysrgb&fit=max&fm=jpg&ixid=M3w4NDE4NjB8MHwxfHNlYXJjaHwxNTB8fHNwb3J0cyUyMHNob2VzfGVufDB8fHx8MTc2NTM1NjM2Mnww&ixlib=rb-4.1.0&q=80&w=1080
,p151,A pair of red sneakers sitting on top of a purple surface,https://images.unsplash.com/photo-1735313477000-492160706945?crop=entropy&cs=tinysrgb&fit=max&fm=jpg&ixid=M3w4NDE4NjB8MHwxfHNlYXJjaHwxNTF8fHNwb3J0cyUyMHNob2VzfGVufDB8fHx8MTc2NTM1NjM2M3ww&ixlib=rb-4.1.0&q=80&w=1080
,p152,A pair of sneakers sitting on top of a box,https://images.unsplash.com/photo-1735313477139-ef734fe78fbc?crop=entropy&cs=tinysrgb&fit=max&fm=jpg&ixid=M3w4NDE4NjB8MHwxfHNlYXJjaHwxNTJ8fHNwb3J0cyUyMHNob2VzfGVufDB8fHx8MTc2NTM1NjM2M3ww&ixlib=rb-4.1.0&q=80&w=1080
,p153,Young soccer player standing on field,https://images.unsplash.com/photo-1760420981382-e71863c28750?crop=entropy&cs=tinysrgb&fit=max&fm=jpg&ixid=M3w4NDE4NjB8MHwxfHNlYXJjaHwxNTN8fHNwb3J0cyUyMHNob2VzfGVufDB8fHx8MTc2NTM1NjM2M3ww&ixlib=rb-4.1.0&q=80&w=1080
,p154,man in black pants and brown jacket riding skateboard,https://images.unsplash.com/photo-1610462257803-064c1273c681?crop=entropy&cs=tinysrgb&fit=max&fm=jpg&ixid=M3w4NDE4NjB8MHwxfHNlYXJjaHwxNTR8fHNwb3J0cyUyMHNob2VzfGVufDB8fHx8MTc2NTM1NjM2M3ww&ixlib=rb-4.1.0&q=80&w=1080
,p155,A tennis player rests on the court.,https://images.unsplash.com/photo-1752606304345-ea31a4ed89fd?crop=entropy&cs=tinysrgb&fit=max&fm=jpg&ixid=M3w4NDE4NjB8MHwxfHNlYXJjaHwxNTV8fHNwb3J0cyUyMHNob2VzfGVufDB8fHx8MTc2NTM1NjM2M3ww&ixlib=rb-4.1.0&q=80&w=1080
,p156,a group of people standing on top of a basketball court,https://images.unsplash.com/photo-1710378844976-93a6538671ef?crop=entropy&cs=tinysrgb&fit=max&fm=jpg&ixid=M3w4NDE4NjB8MHwxfHNlYXJjaHwxNTZ8fHNwb3J0cyUyMHNob2VzfGVufDB8fHx8MTc2NTM1NjM2M3ww&ixlib=rb-4.1.0&q=80&w=1080
,p157,Close-up of blue and yellow nike air max sneakers.,https://images.unsplash.com/photo-1761942028117-ba9b205371eb?crop=entropy&cs=tinysrgb&fit=max&fm=jpg&ixid=M3w4NDE4NjB8MHwxfHNlYXJjaHwxNTd8fHNwb3J0cyUyMHNob2VzfGVufDB8fHx8MTc2NTM1NjM2M3ww&ixlib=rb-4.1.0&q=80&w=1080
,p158,a person's legs and feet on a football ball in a field,https://images.unsplash.com/photo-1655918059192-f6332e645272?crop=entropy&cs=tinysrgb&fit=max&fm=jpg&ixid=M3w4NDE4NjB8MHwxfHNlYXJjaHwxNTh8fHNwb3J0cyUyMHNob2VzfGVufDB8fHx8MTc2NTM1NjM2M3ww&ixlib=rb-4.1.0&q=80&w=1080
,p159,man climbing the rock formation during daytime,https://images.unsplash.com/photo-1570328477310-da8993bd3ea9?crop=entropy&cs=tinysrgb&fit=max&fm=jpg&ixid=M3w4NDE4NjB8MHwxfHNlYXJjaHwxNTl8fHNwb3J0cyUyMHNob2VzfGVufDB8fHx8MTc2NTM1NjM2M3ww&ixlib=rb-4.1.0&q=80&w=1080
,p160,man in blue shorts and white nike sneakers,https://images.unsplash.com/photo-1602190420103-683df5093e86?crop=entropy&cs=tinysrgb&fit=max&fm=jpg&ixid=M3w4NDE4NjB8MHwxfHNlYXJjaHwxNjB8fHNwb3J0cyUyMHNob2VzfGVufDB8fHx8MTc2NTM1NjM2M3ww&ixlib=rb-4.1.0&q=80&w=1080
,p161,a close up of a person's feet in a pair of sneakers,https://images.unsplash.com/photo-1631995345642-a782158de986?crop=entropy&cs=tinysrgb&fit=max&fm=jpg&ixid=M3w4NDE4NjB8MHwxfHNlYXJjaHwxNjF8fHNwb3J0cyUyMHNob2VzfGVufDB8fHx8MTc2NTM1NjM2M3ww&ixlib=rb-4.1.0&q=80&w=1080
,p162,woman wearing white trainer shoes levitating to the air,https://images.unsplash.com/photo-1557161187-fba28578f4ed?crop=entropy&cs=tinysrgb&fit=max&fm=jpg&ixid=M3w4NDE4NjB8MHwxfHNlYXJjaHwxNjJ8fHNwb3J0cyUyMHNob2VzfGVufDB8fHx8MTc2NTM1NjM2M3ww&ixlib=rb-4.1.0&q=80&w=1080
,p163,man taking a picture of standing man in front of car inside room,https://images.unsplash.com/photo-1505921512387-40a6c43493f1?crop=entropy&cs=tinysrgb&fit=max&fm=jpg&ixid=M3w4NDE4NjB8MHwxfHNlYXJjaHwxNjN8fHNwb3J0cyUyMHNob2VzfGVufDB8fHx8MTc2NTM1NjM2M3ww&ixlib=rb-4.1.0&q=80&w=1080
,p164,a man in a red jacket is playing basketball,https://images.unsplash.com/photo-1673544142003-a09559691d1e?crop=entropy&cs=tinysrgb&fit=max&fm=jpg&ixid=M3w4NDE4NjB8MHwxfHNlYXJjaHwxNjR8fHNwb3J0cyUyMHNob2VzfGVufDB8fHx8MTc2NTM1NjM2M3ww&ixlib=rb-4.1.0&q=80&w=1080
,p165,a person riding a skateboard on a sidewalk,https://images.unsplash.com/photo-1674902029629-6cb9abc61555?crop=entropy&cs=tinysrgb&fit=max&fm=jpg&ixid=M3w4NDE4NjB8MHwxfHNlYXJjaHwxNjV8fHNwb3J0cyUyMHNob2VzfGVufDB8fHx8MTc2NTM1NjM2M3ww&ixlib=rb-4.1.0&q=80&w=1080
,p166,Runners in a race with motion blur,https://images.unsplash.com/photo-1762709753300-342ab94e8b05?crop=entropy&cs=tinysrgb&fit=max&fm=jpg&ixid=M3w4NDE4NjB8MHwxfHNlYXJjaHwxNjZ8fHNwb3J0cyUyMHNob2VzfGVufDB8fHx8MTc2NTM1NjM2M3ww&ixlib=rb-4.1.0&q=80&w=1080
,p167,grayscale photo of person walking on field,https://images.unsplash.com/photo-1621002784315-a7dc759a3560?crop=entropy&cs=tinysrgb&fit=max&fm=jpg&ixid=M3w4NDE4NjB8MHwxfHNlYXJjaHwxNjd8fHNwb3J0cyUyMHNob2VzfGVufDB8fHx8MTc2NTM1NjM2M3ww&ixlib=rb-4.1.0&q=80&w=1080
,p168,Two wrestlers grappling intensely during a match.,https://images.unsplash.com/photo-1764908912127-885314cb5c21?crop=entropy&cs=tinysrgb&fit=max&fm=jpg&ixid=M3w4NDE4NjB8MHwxfHNlYXJjaHwxNjh8fHNwb3J0cyUyMHNob2VzfGVufDB8fHx8MTc2NTM1NjM2M3ww&ixlib=rb-4.1.0&q=80&w=1080
,p169,red and white basketball hoop,https://images.unsplash.com/photo-1611075893146-1bbb4078560f?crop=entropy&cs=tinysrgb&fit=max&fm=jpg&ixid=M3w4NDE4NjB8MHwxfHNlYXJjaHwxNjl8fHNwb3J0cyUyMHNob2VzfGVufDB8fHx8MTc2NTM1NjM2M3ww&ixlib=rb-4.1.0&q=80&w=1080
,p170,person in black pants and black shoes standing on gray concrete floor,https://images.unsplash.com/photo-1623171875321-db8b93788a44?crop=entropy&cs=tinysrgb&fit=max&fm=jpg&ixid=M3w4NDE4NjB8MHwxfHNlYXJjaHwxNzB8fHNwb3J0cyUyMHNob2VzfGVufDB8fHx8MTc2NTM1NjM2M3ww&ixlib=rb-4.1.0&q=80&w=1080
,p171,Feet standing on a green court with white line,https://images.unsplash.com/photo-1759736765104-e459598adcff?crop=entropy&cs=tinysrgb&fit=max&fm=jpg&ixid=M3w4NDE4NjB8MHwxfHNlYXJjaHwxNzF8fHNwb3J0cyUyMHNob2VzfGVufDB8fHx8MTc2NTM1NjM2M3ww&ixlib=rb-4.1.0&q=80&w=1080
,p172,a man in a green sweatshirt is walking in front of a building,https://images.unsplash.com/photo-1673278337791-665454cbed80?crop=entropy&cs=tinysrgb&fit=max&fm=jpg&ixid=M3w4NDE4NjB8MHwxfHNlYXJjaHwxNzJ8fHNwb3J0cyUyMHNob2VzfGVufDB8fHx8MTc2NTM1NjM2M3ww&ixlib=rb-4.1.0&q=80&w=1080
,p173,Person jumping over a skateboard mid-air.,https://images.unsplash.com/photo-1761772404386-cfa79733cd1b?crop=entropy&cs=tinysrgb&fit=max&fm=jpg&ixid=M3w4NDE4NjB8MHwxfHNlYXJjaHwxNzN8fHNwb3J0cyUyMHNob2VzfGVufDB8fHx8MTc2NTM1NjM2M3ww&ixlib=rb-4.1.0&q=80&w=1080
,p174,green grass field during daytime,https://images.unsplash.com/photo-1585312390465-89aec5ec72b2?crop=entropy&cs=tinysrgb&fit=max&fm=jpg&ixid=M3w4NDE4NjB8MHwxfHNlYXJjaHwxNzR8fHNwb3J0cyUyMHNob2VzfGVufDB8fHx8MTc2NTM1NjM2M3ww&ixlib=rb-4.1.0&q=80&w=1080
,p175,Man with beard holding tennis racket on court,https://images.unsplash.com/photo-1758887248736-f72d9eb3b6ad?crop=entropy&cs=tinysrgb&fit=max&fm=jpg&ixid=M3w4NDE4NjB8MHwxfHNlYXJjaHwxNzV8fHNwb3J0cyUyMHNob2VzfGVufDB8fHx8MTc2NTM1NjM2M3ww&ixlib=rb-4.1.0&q=80&w=1080
,p176,Person tying shoelaces through a chain-link fence.,https://images.unsplash.com/photo-1746003624976-64d50dd8a63a?crop=entropy&cs=tinysrgb&fit=max&fm=jpg&ixid=M3w4NDE4NjB8MHwxfHNlYXJjaHwxNzZ8fHNwb3J0cyUyMHNob2VzfGVufDB8fHx8MTc2NTM1NjM2M3ww&ixlib=rb-4.1.0&q=80&w=1080
,p177,woman in blue tank top and black leggings doing yoga,https://images.unsplash.com/photo-1623171888253-4d6ec614cbf6?crop=entropy&cs=tinysrgb&fit=max&fm=jpg&ixid=M3w4NDE4NjB8MHwxfHNlYXJjaHwxNzd8fHNwb3J0cyUyMHNob2VzfGVufDB8fHx8MTc2NTM1NjM2M3ww&ixlib=rb-4.1.0&q=80&w=1080
,p178,Tennis players with a scoreboard showing 0-0-4,https://images.unsplash.com/photo-1761156896754-ef4be8c857f6?crop=entropy&cs=tinysrgb&fit=max&fm=jpg&ixid=M3w4NDE4NjB8MHwxfHNlYXJjaHwxNzh8fHNwb3J0cyUyMHNob2VzfGVufDB8fHx8MTc2NTM1NjM2M3ww&ixlib=rb-4.1.0&q=80&w=1080
,p179,woman in black hoodie and black pants sitting on gray concrete floor,https://images.unsplash.com/photo-1609864810463-36aef415eded?crop=entropy&cs=tinysrgb&fit=max&fm=jpg&ixid=M3w4NDE4NjB8MHwxfHNlYXJjaHwxNzl8fHNwb3J0cyUyMHNob2VzfGVufDB8fHx8MTc2NTM1NjM2M3ww&ixlib=rb-4.1.0&q=80&w=1080
,p180,Man with soccer ball in front of monument,https://images.unsplash.com/photo-1760173602761-1cb729e81379?crop=entropy&cs=tinysrgb&fit=max&fm=jpg&ixid=M3w4NDE4NjB8MHwxfHNlYXJjaHwxODB8fHNwb3J0cyUyMHNob2VzfGVufDB8fHx8MTc2NTM1NjM2M3ww&ixlib=rb-4.1.0&q=80&w=1080
,p181,a black and white photo of a golf store,https://images.unsplash.com/photo-1705637841133-2fd5b3c4512b?crop=entropy&cs=tinysrgb&fit=max&fm=jpg&ixid=M3w4NDE4NjB8MHwxfHNlYXJjaHwxODF8fHNwb3J0cyUyMHNob2VzfGVufDB8fHx8MTc2NTM1NjM2NHww&ixlib=rb-4.1.0&q=80&w=1080
,p182,Basketball players scrambling for the ball on court.,https://images.unsplash.com/photo-1762025870765-ba3fa702e6c1?crop=entropy&cs=tinysrgb&fit=max&fm=jpg&ixid=M3w4NDE4NjB8MHwxfHNlYXJjaHwxODJ8fHNwb3J0cyUyMHNob2VzfGVufDB8fHx8MTc2NTM1NjM2NHww&ixlib=rb-4.1.0&q=80&w=1080
,p183,woman in black tank top,https://images.unsplash.com/photo-1623171916712-4f3ec1d37c02?crop=entropy&cs=tinysrgb&fit=max&fm=jpg&ixid=M3w4NDE4NjB8MHwxfHNlYXJjaHwxODN8fHNwb3J0cyUyMHNob2VzfGVufDB8fHx8MTc2NTM1NjM2NHww&ixlib=rb-4.1.0&q=80&w=1080
,p184,pair of brown cleats on box,https://images.unsplash.com/photo-1531005117551-959a5ec8eece?crop=entropy&cs=tinysrgb&fit=max&fm=jpg&ixid=M3w4NDE4NjB8MHwxfHNlYXJjaHwxODR8fHNwb3J0cyUyMHNob2VzfGVufDB8fHx8MTc2NTM1NjM2NHww&ixlib=rb-4.1.0&q=80&w=1080
,p185,a pair of black shoes sitting on top of a wooden floor,https://images.unsplash.com/photo-1623241681183-80df988067c5?crop=entropy&cs=tinysrgb&fit=max&fm=jpg&ixid=M3w4NDE4NjB8MHwxfHNlYXJjaHwxODV8fHNwb3J0cyUyMHNob2VzfGVufDB8fHx8MTc2NTM1NjM2NHww&ixlib=rb-4.1.0&q=80&w=1080
,p186,a man holding a shoe in his hand,https://images.unsplash.com/photo-1623241122824-58c2215c0999?crop=entropy&cs=tinysrgb&fit=max&fm=jpg&ixid=M3w4NDE4NjB8MHwxfHNlYXJjaHwxODZ8fHNwb3J0cyUyMHNob2VzfGVufDB8fHx8MTc2NTM1NjM2NHww&ixlib=rb-4.1.0&q=80&w=1080
,p187,a man sitting on top of a pink bike,https://images.unsplash.com/photo-1687381811496-45fecf8f46dd?crop=entropy&cs=tinysrgb&fit=max&fm=jpg&ixid=M3w4NDE4NjB8MHwxfHNlYXJjaHwxODd8fHNwb3J0cyUyMHNob2VzfGVufDB8fHx8MTc2NTM1NjM2NHww&ixlib=rb-4.1.0&q=80&w=1080
,p188,filtered photography of man wearing Nike shoes standing at threaded drum with scenery at back,https://images.unsplash.com/photo-1501743750638-8045fb3c1cc7?crop=entropy&cs=tinysrgb&fit=max&fm=jpg&ixid=M3w4NDE4NjB8MHwxfHNlYXJjaHwxODh8fHNwb3J0cyUyMHNob2VzfGVufDB8fHx8MTc2NTM1NjM2NHww&ixlib=rb-4.1.0&q=80&w=1080
,p189,Soccer player running on a green field,https://images.unsplash.com/photo-1757031298148-bfbe7e6df577?crop=entropy&cs=tinysrgb&fit=max&fm=jpg&ixid=M3w4NDE4NjB8MHwxfHNlYXJjaHwxODl8fHNwb3J0cyUyMHNob2VzfGVufDB8fHx8MTc2NTM1NjM2NHww&ixlib=rb-4.1.0&q=80&w=1080
,p190,a man sitting in a chair with a bike attached to it,https://images.unsplash.com/photo-1687381812457-f97ffe19af8e?crop=entropy&cs=tinysrgb&fit=max&fm=jpg&ixid=M3w4NDE4NjB8MHwxfHNlYXJjaHwxOTB8fHNwb3J0cyUyMHNob2VzfGVufDB8fHx8MTc2NTM1NjM2NHww&ixlib=rb-4.1.0&q=80&w=1080
,p191,a man sitting in a bike with a bicycle rack attached to it,https://images.unsplash.com/photo-1687381810900-2c1dbce1d776?crop=entropy&cs=tinysrgb&fit=max&fm=jpg&ixid=M3w4NDE4NjB8MHwxfHNlYXJjaHwxOTF8fHNwb3J0cyUyMHNob2VzfGVufDB8fHx8MTc2NTM1NjM2NHww&ixlib=rb-4.1.0&q=80&w=1080
,p192,a group of men posing for a picture with their bikes,https://images.unsplash.com/photo-1687381812572-1c48acf75f7d?crop=entropy&cs=tinysrgb&fit=max&fm=jpg&ixid=M3w4NDE4NjB8MHwxfHNlYXJjaHwxOTJ8fHNwb3J0cyUyMHNob2VzfGVufDB8fHx8MTc2NTM1NjM2NHww&ixlib=rb-4.1.0&q=80&w=1080
,p193,woman in black tank top covering her face with her hand,https://images.unsplash.com/photo-1623171901016-06d5e9e870e9?crop=entropy&cs=tinysrgb&fit=max&fm=jpg&ixid=M3w4NDE4NjB8MHwxfHNlYXJjaHwxOTN8fHNwb3J0cyUyMHNob2VzfGVufDB8fHx8MTc2NTM1NjM2NHww&ixlib=rb-4.1.0&q=80&w=1080
,p194,a man climbing up the side of a mountain,https://images.unsplash.com/photo-1698656222826-1306d84ec767?crop=entropy&cs=tinysrgb&fit=max&fm=jpg&ixid=M3w4NDE4NjB8MHwxfHNlYXJjaHwxOTR8fHNwb3J0cyUyMHNob2VzfGVufDB8fHx8MTc2NTM1NjM2NHww&ixlib=rb-4.1.0&q=80&w=1080
,p195,a group of three men sitting next to each other,https://images.unsplash.com/photo-1687381811639-a7e5bbf4dc82?crop=entropy&cs=tinysrgb&fit=max&fm=jpg&ixid=M3w4NDE4NjB8MHwxfHNlYXJjaHwxOTV8fHNwb3J0cyUyMHNob2VzfGVufDB8fHx8MTc2NTM1NjM2NHww&ixlib=rb-4.1.0&q=80&w=1080
,p196,a man sitting in a chair with a bike on top of him,https://images.unsplash.com/photo-1687381811429-98808575c50d?crop=entropy&cs=tinysrgb&fit=max&fm=jpg&ixid=M3w4NDE4NjB8MHwxfHNlYXJjaHwxOTZ8fHNwb3J0cyUyMHNob2VzfGVufDB8fHx8MTc2NTM1NjM2NHww&ixlib=rb-4.1.0&q=80&w=1080
,p197,Soccer referee talks to two players on field,https://images.unsplash.com/photo-1757031298879-08c2aba66330?crop=entropy&cs=tinysrgb&fit=max&fm=jpg&ixid=M3w4NDE4NjB8MHwxfHNlYXJjaHwxOTd8fHNwb3J0cyUyMHNob2VzfGVufDB8fHx8MTc2NTM1NjM2NHww&ixlib=rb-4.1.0&q=80&w=1080
,p198,Tennis ball and player's feet on clay court,https://images.unsplash.com/photo-1762695003191-b5c6edd02484?crop=entropy&cs=tinysrgb&fit=max&fm=jpg&ixid=M3w4NDE4NjB8MHwxfHNlYXJjaHwxOTh8fHNwb3J0cyUyMHNob2VzfGVufDB8fHx8MTc2NTM1NjM2NHww&ixlib=rb-4.1.0&q=80&w=1080
,p199,a man standing next to a bike on a white background,https://images.unsplash.com/photo-1687381812292-9d9717565d9f?crop=entropy&cs=tinysrgb&fit=max&fm=jpg&ixid=M3w4NDE4NjB8MHwxfHNlYXJjaHwxOTl8fHNwb3J0cyUyMHNob2VzfGVufDB8fHx8MTc2NTM1NjM2NHww&ixlib=rb-4.1.0&q=80&w=1080
,p200,man in blue t-shirt and black shorts carrying black and blue hiking backpack walking on during,https://images.unsplash.com/photo-1604604716514-9f5ce8925274?crop=entropy&cs=tinysrgb&fit=max&fm=jpg&ixid=M3w4NDE4NjB8MHwxfHNlYXJjaHwyMDB8fHNwb3J0cyUyMHNob2VzfGVufDB8fHx8MTc2NTM1NjM2NHww&ixlib=rb-4.1.0&q=80&w=1080
